Avg. Session Length,Time on App,Time on Website,Length of Membership,Yearly Amount Spent
0.7514247440663251,0.6266200194046876,0.9298160975629122,0.5731009920246083,0.6510402910728491
0.3623064103044591,0.39301565263736005,0.5508007614778476,0.35986912614108024,0.2663553422838659
0.5249528077335475,0.42637757989488656,0.5248029396502645,0.5763962373587386,0.4537248396058422
0.7224094088695034,0.7870502725948472,0.46089005303813124,0.42843355113307674,0.6390549607273789
0.5748614066833317,0.6477018641645678,0.5947475250496712,0.6277679484949261,0.6735520053503449
0.6566453112355495,0.5316297176720581,0.092431369806655,0.7851754661311128,0.7476337837697212
0.3767335490930783,0.43182721161573956,0.45473269528546645,0.6636489835477153,0.52059093309107
0.48533383310500966,0.5807370430486929,0.5679398616415714,0.6259589500707768,0.5762695995070962
0.6743130712685019,0.7369994655469749,0.5943935863392387,0.4514697262456119,0.6161562997766036
0.36386176506147816,0.4994795256660227,0.5304783432960001,0.44085349984658445,0.33512727364212513
0.6750395295134419,0.729859269843679,0.5437164784767727,0.3325983931883258,0.4636659399873865
0.6579049829931183,0.46482916061277635,0.5210810341229077,0.5175736828114667,0.5220947810576498
0.0,0.370630720952279,0.5756322182704849,0.567660044963006,0.2986546173435266
0.5536212795617246,0.6724852836413726,0.36622836794678726,0.5484378300915637,0.6224753953184509
0.43218494952591513,0.7011156085862469,0.44425566907430625,0.3343925095360889,0.420129786447095
0.18241997980028835,0.6237426132296846,0.3775717599241304,0.4641581301853236,0.4030873825154697
0.39244230156254023,0.48735253989610006,0.16092459238178858,0.43083163343391584,0.3953580661351086
0.4247572523020686,0.5295552391595417,0.7340410261361647,0.3233088130404711,0.29681555392101744
0.4018903025207301,0.93781287759645,0.7108897770413112,0.18739127790140764,0.3844864074603561
0.46697715248248617,0.828156992780577,0.5379209780231875,0.5703845246053385,0.684665241712913
0.511614449978671,0.4316978409222283,0.6064262836026408,0.6508603773540338,0.5464013365013395
0.60095625144797,0.660210871596338,0.5790478509064227,0.19379105459004672,0.3208585494388123
0.302573763881548,0.7358402761635847,0.7913141412522524,0.2969050907174497,0.3534357332164574
0.5101714651414682,0.47582699396341455,0.4693153142478117,0.5485521384636588,0.5162061538352761
0.7529811100371218,0.6625807434784847,0.6110169614256273,0.8169887091565847,0.8730438449187791
0.5292537300137647,0.4921798124130514,0.6278883168766027,0.3685424534419331,0.3272282661479705
0.6067293267078631,0.6459951053976054,0.4131775095753598,0.6581147731105054,0.7138185538324092
0.42431687348847014,0.6798269503485308,0.6464809956882096,0.40982266921125277,0.4523323407260229
0.5414938156630544,0.5248490232583136,0.22642666095018793,0.5491814140125035,0.536244905324425
0.5407723162285913,0.5222768224522403,0.5522541168851873,0.6723010360228886,0.5857379257406797
0.5614258153888612,0.5737054265241404,0.36934451127201395,0.4197438656497903,0.47345404912892797
0.5945948959633922,0.3567106750508795,0.28049603970530335,0.48122865850641616,0.3753918054603025
0.40002707066396503,0.7371893522192734,0.2922722057230551,0.612248830922045,0.6525369103408719
0.4837018436784053,0.6944349160380032,0.8149598989185787,0.3833274185280252,0.4606536663791426
0.49761840073351227,0.47240000943520055,0.23882764998800887,0.5794088229995242,0.4928216468596647
0.6180512482687179,0.5179507632083715,0.7970000395972008,0.5079652234901776,0.5212029006772686
0.33133737232841654,0.49054977769629504,0.46818561048190777,0.23711401524444808,0.17904436273705304
0.5044317257526698,0.5252074741140516,0.5139291248874001,0.4783689748450427,0.4599961191062798
0.4868814161753674,0.21859167638288501,0.5703951543068282,0.6584592831988231,0.4352965996771295
0.45931500729239616,0.6014437226167884,0.40346374191997203,0.594117081405449,0.5525730266845442
0.3841422049817229,0.48723840052532785,0.5943597135584593,0.6615834156747439,0.542561375085887
0.5277729335879586,0.32126603198289994,0.5881868681525244,0.6578022214786399,0.4818804554387828
0.6446888995140743,0.6042406103438249,0.5300997334880693,0.5929234256009357,0.6574196518641932
0.5087684041582943,0.4565339342219745,0.48827376990578486,0.6573721120717833,0.5710424917688627
0.3801980287392306,0.7413354898373761,0.3609369675412921,0.2989401170917869,0.3764568047895036
0.7602787174203449,0.5533253681737529,0.8565035428368493,0.5100424478147952,0.5761840029220672
0.7616090338841515,0.7007871131919747,0.5617157797259811,0.5421747925950336,0.6627607860152763
0.48346340723377335,0.6769096308424418,0.4183247622921238,0.5777013924347691,0.6033282309871321
0.542555330327847,0.5070334245381423,0.43814381984618134,0.44081218298324837,0.438365522815682
0.32216522220482435,0.4366189682169652,0.44006933138602555,0.4401911009085406,0.3138222201103896
0.5636105475195414,0.8082849227941289,0.6347406318167517,0.8578158248581862,0.9215214419077075
0.6610626720837436,0.369949720818773,0.5504591928258167,0.40325466092099865,0.365525094802304
0.7045832184660838,0.2737584683480314,0.5810808645555854,0.2743196610050477,0.2514621646211197
0.6401529865958686,0.22305445504852184,0.3315533057123332,0.5389575712479531,0.38279979610407977
0.7352146221723928,0.6250402856468635,0.7476972312314523,0.3915194237930388,0.5222259335204847
0.6648573294242643,0.4654142212248604,0.2197211134775241,0.46929938006246885,0.44611117547678947
0.47762809027203623,0.7937008590906698,0.8765047788434108,0.4097319788671054,0.5192675900360583
0.721851472731494,0.3112542155415061,0.3709004036791077,0.45775147979440006,0.3861643684164897
0.5011933125573673,0.502222894911291,0.47611297114699536,0.4813046693526123,0.47161467184291905
0.6390822645169756,0.5372547638372305,0.5511722439903988,0.556256174370752,0.5712798852667601
0.6579690740981867,0.6024376104492977,0.6794508788470885,0.6567801470493285,0.7078361826431548
0.5363979687386404,0.16606567927758653,0.42357636828630074,0.7232018854779534,0.49237109307314497
0.40786664501039205,0.7887293445681658,0.670326155191451,0.6813277942388487,0.7014448823589704
0.49299659843089927,0.47771403052367845,0.5737496917906331,0.47270215384651293,0.44510186158344467
0.4903990379461103,0.720391988645668,0.44110692903789683,0.47985861564895926,0.5573233759296133
0.7328073182616794,1.0000000000000002,0.5325231941839217,0.7677521522501336,0.9999999999999999
0.5367281534618797,0.6326843127013975,0.2371560920823761,0.560950554617405,0.5835357958047168
0.4953346091293733,0.5027048318870206,0.40405249506902674,0.47644526667799414,0.4178857527165565
0.4386599858261597,0.42274466152422785,0.6183466116088079,0.3772282442863016,0.29861499205747133
0.40057173654282785,0.40481200324762634,1.0,0.4934395258836042,0.3830321608178169
0.5481487538394445,0.5105639174296563,0.38598331641382,0.35058774398590986,0.3700437338821242
0.7270012262976584,0.5621500666889059,0.36828447753953686,0.6650476494197025,0.6665101064059432
0.4319240237447648,0.327323308178435,0.6718948048993072,0.4707231222729197,0.317343365797752
0.4958608795724784,0.6510143074639583,0.5118241372588486,0.5383724204717187,0.5465417405321863
0.657963122784154,0.7674535546343508,0.713555670468847,0.44916682792762763,0.6319590502966766
0.38100824121306953,0.5635283498851105,0.7907979071603499,0.42849219302193775,0.436375552429191
0.6088446005642965,0.4598491606740709,0.44571301970446964,0.3860098923178084,0.36870611573950984
0.5463179632427932,0.44195460587624114,0.32481953213746806,0.6313715902892401,0.5661992374384784
0.46384824793539714,0.3597932458313913,0.705711312328341,0.6271285189529693,0.45615887986810755
0.5501104052001917,0.5168109254697626,0.4926319705133464,0.43516234076054133,0.4305579216513433
0.30002101245911916,0.617558034986206,0.9335440896381133,0.5233645403781835,0.4581760385192635
0.766068304659572,0.36850953181832957,0.32343440913284205,0.43438228416727054,0.40528232918096263
0.6006963189648129,0.81433122676755,0.5163179965654763,0.580307320336504,0.6677036574500074
0.43436364727589005,0.3576769670321558,0.634884750119002,0.24714281797106707,0.16045911482980424
0.775370916688674,0.2764713960283478,0.3682951144676041,0.6203039476241202,0.5440611311110687
0.34460282690662236,0.47236601034530556,0.37244582045970986,0.728028340371268,0.5504617947236369
0.6576656203798183,0.6057727383511529,0.5315868750249049,0.3607570909957192,0.4533942912098087
0.7439486516187008,0.317211327760623,0.4769477555070436,0.4654533617076929,0.42656831816368723
0.3668512071645118,0.6527941209923307,0.4987034435987052,0.6465427389777771,0.570809786330685
0.4651197304294312,0.5379587309984148,0.3597164614276238,0.5482738807846139,0.4882456450860777
0.4478451724662218,0.6076901562217711,0.6503290738089396,0.3316260610358638,0.3781085563047788
0.6180483211476799,0.7566477694452811,0.4694006374998265,0.5795589956044446,0.6963366793600129
0.5961907577410432,0.47653520078612366,0.35072668769709914,0.5602694915790937,0.5093039451076206
0.6323711850537261,0.7790782150868967,0.6255671854030664,0.16425789454969275,0.35846505752856583
0.40339043891776694,0.5019123983093678,0.4465375368229463,0.5897412334544261,0.505884736385641
0.4432692545865198,0.7226325674243814,0.774834888615942,0.5412921887106069,0.5633699096172143
0.6444388904809957,0.5188503721644919,0.6812245188368209,0.5729780453530291,0.5197474139085346
0.7039847370660901,0.7315117487090281,0.6424777773438191,0.5985618163329676,0.7036380927506599
0.41715461289738887,0.5306003460039872,0.8471958084891984,0.5474107162655045,0.4927199061394598
0.6498821371895778,0.5402666348370362,0.3244791011909518,0.4136266825826834,0.46895913258390687
0.44889651590424773,0.7407046316238086,0.34091737114394594,0.4381196972268932,0.513697680875422
0.3561214122543701,0.41907313255346024,0.569903092267924,0.3919144413193866,0.2622251089549946
0.4378940600746679,0.4442996689423955,0.6018949127633313,0.34828508135693026,0.3224285636560462
0.5910795467419527,0.6175201191864745,0.3854959196125085,0.4058056618075289,0.46268144079057905
0.2810792909767583,0.37560523441489857,0.6830367379924116,0.474832310541889,0.3014634331891226
0.595751757373348,0.6915640992861865,0.31716857791548936,0.3993873016301988,0.4733106114258496
0.417622159732824,0.5563393186517638,0.3675081185004414,0.5278872286324842,0.467489967651448
0.38311732814189714,0.33404597464765207,0.6236172811623044,0.41108199227228154,0.23908977413980925
0.5483793972131359,0.6683039148324623,0.6981373926326455,0.5388075846672197,0.616650193844534
0.5788270332991985,0.7469549354972516,0.7533918362454672,0.45829223426951304,0.5745089177661803
0.35122806346340507,0.5501299552872079,0.5600557706281188,0.464754539075957,0.3981829330057254
0.37532679797538204,0.554504714788147,0.6241881805005001,0.5189794046846014,0.4643322301725705
0.4322569573261372,0.378061587470633,0.7389504573843402,0.4920712699120888,0.33033851558127014
0.47232362553267837,0.46751077676987984,0.5574872935200155,0.3787224744849695,0.3257480284694553
0.5144221804267826,0.6381870636075213,0.2769464280523559,0.7840435396476151,0.7574581949857707
0.5604732330793798,0.41022533338543954,0.6202998179807455,0.3493706014650857,0.3079529405301935
0.6649327459019139,0.5292269615842811,0.45756888216517755,0.37330559568330396,0.43738122830570436
0.5337839373619744,0.486151182788471,0.3423309114781645,0.7117195547338206,0.6611143968741523
0.4342669062413167,0.5410549663212174,0.7216909080516372,0.5416430443940975,0.49106370441548564
0.6595062858809921,0.6890157417953939,0.5953823702707544,0.5304278595809916,0.6183319714382581
0.7623390690018628,0.6567369513395118,0.1795394801449115,0.4543803982998947,0.6281653277247504
0.6310017979412477,0.4616925649490571,0.6171657763389948,0.6683218724919543,0.6291309798332928
0.5654259439055487,0.3936002214570784,0.5703345231644628,0.5634968950863098,0.5061806263331218
0.2763710741224461,0.6499220292704366,0.4327164745076715,0.5062238666677231,0.468716442965315
0.5270531511738081,0.4914787351067502,0.6002488720403436,0.5357556028180356,0.5063713268397462
0.30931296699929867,0.6151743655791269,0.5219574921835282,0.6406465018411756,0.5592162472911938
0.47294221060023567,0.5212045898286357,0.4466681529073071,0.5766235028556315,0.5112745572875176
0.7835192008948608,0.3238695788360082,0.5306159659248904,0.443177234343304,0.4161855898535388
0.7573866121667248,0.6411883472413717,0.4597171017253867,0.4530074089854632,0.5730784180717358
0.4902635924685219,0.4581889412760012,0.5930677169573411,0.3989484614346645,0.3438103183059865
0.6308194611337923,0.5161390299160555,0.5468728210962679,0.5464399414338637,0.5822364109378665
0.4400239944187936,0.5916409802037184,0.8265804267429422,0.699017786954682,0.6222599182017811
0.723409883217891,0.49894445769889306,0.574633750628406,0.3312438258504219,0.38509873096116853
0.44235568615300913,0.6422598893142253,0.4408336391595995,0.5804146195793236,0.5621345538669708
0.6066908050910174,0.5051848347408117,0.5763434494984532,0.2251431373490776,0.29701106045669734
0.5790576800081091,0.6338775999427324,0.3590456645967004,0.368899027238196,0.44351759544929015
0.47731025075533395,0.5600828945176533,0.44005373296856654,0.5452172286816687,0.5356404511729133
0.7606611186899039,0.4189996951563715,0.4236443232078626,0.3339607950030085,0.3466226231059685
0.6077156141133253,0.33649552353859824,0.581896716942115,0.5401531237513368,0.43140757746876757
0.3666398170442857,0.3709077144006043,0.5603756457056033,0.4973452766771602,0.36027918162183925
0.2321378818433928,0.4875388048251177,0.44087659146464375,0.5545030201623752,0.37783926907649223
0.3509523545555524,0.5908601139515193,0.3388099104806761,0.4482091674179713,0.4251204987354036
0.46567957049830966,0.30657255864986666,0.29824420040543576,0.5478129534594691,0.40729840683097807
0.39088827274853966,0.5153605666662813,0.8832541229827671,0.17640934018007068,0.1835275759392916
0.6647556542397481,0.5141780575618218,0.715911271415635,0.39684666478308206,0.3997082492346681
0.5970367814260262,0.6013007650307765,0.4275805881871806,0.462312908898868,0.489538363026757
0.3910821594803622,0.5850785889052796,0.5447338542495661,0.42382630987586684,0.4064366216028221
0.4121955472640346,0.2979908907117712,0.5622450114596358,0.6379612870295839,0.43836550033226185
0.47825814558073443,0.5723607604112337,0.4986933515988996,0.23388442886322708,0.32920430387654
0.4316940944444241,0.3555685394820616,0.43842452293062983,0.5597285356723339,0.4111616433681883
0.7274300813229821,0.33362375569768843,0.7212470170943099,0.358084028398008,0.3342936867753379
0.5077277301495604,0.5860590011724571,0.5774287906796047,0.9216177521331893,0.8401191511713894
0.45068620892417677,0.3741868547338494,0.5717384737848352,0.7698086646370762,0.5880382429905139
0.36520077175262955,0.673472675059916,0.5011285628306998,0.8728299074865399,0.7867760831074438
1.0,0.5351563004531232,0.5000211367629275,0.5403688674329897,0.6664727321260254
0.44149984777888474,0.7478003977369265,0.5458505825392219,0.4015624075260377,0.48601518578248026
0.41805887039130774,0.5944991053377053,0.560468457547473,0.7237507104182479,0.6475123530392529
0.7674743348559314,0.5588811837476744,0.0,1.0,0.9581474234523254
0.6153999761202824,0.46506130539275303,0.850516397061658,0.5012180378284152,0.5034014802523467
0.7622330680597074,0.43360075113562346,0.7207983772748188,0.5283545621282439,0.5336628842108643
0.5003109368881544,0.5826078584029974,0.6772345556849375,0.45684322514238745,0.41710485101839
0.6010497735579126,0.5879100653591414,0.18041347191269175,0.10502679478445992,0.19833207754484128
0.5705039234926952,0.6095218477830615,0.7219301007088212,0.5258939175357025,0.5497763347839243
0.20387585403767083,0.7210143383975669,0.4961658541644205,0.4983263292113681,0.4589505568068609
0.5481607056917035,0.496723512186275,0.6147700030535033,0.6388978772432522,0.5765514803532309
0.3806997290978691,0.6360458410659462,0.6151787434690483,0.5119579317089454,0.5046301638778098
0.6202855987052196,0.5335518818233453,0.8225192514212152,0.3912805161741194,0.4738967329133925
0.6832222663411471,0.5992442802410949,0.18452589199712222,0.569065891218571,0.6334224611742584
0.6223100818002258,0.7028220019458562,0.40941771429911356,0.4126501712723864,0.4910422561306411
0.47254159096941173,0.3843831645975371,0.6105660813579394,0.6684718134760219,0.481634415353161
0.5897049139738,0.3215983810159777,0.6016724348861926,0.39930556345579826,0.32484406147059663
0.35300758984361913,0.7456370351544448,0.4866697393684021,0.31433224384393593,0.36006968981224985
0.7491727158532893,0.721407250837425,0.32726017838901544,0.7062965798195897,0.8046707588097478
0.4536451987897223,0.4894480741524687,0.4967769964240851,0.07990854517507875,0.08271907431510628
0.5902322683733674,0.3552670266279583,0.8080040460315026,0.510962380902421,0.4097610491354642
0.5715164503876036,0.4809804941043243,0.5855966033050963,0.2173338491036912,0.23035399398303258
0.42380946459260205,0.45938688549201667,0.7654592579214885,0.6769495422782297,0.5424939641620458
0.7841439612919459,0.4858629350833301,0.4760878695895858,0.573885120389527,0.5860891096491544
0.46970475932538047,0.5545412388335071,0.28900215732452583,0.5804865279543664,0.5524295010238115
0.5362719590369709,0.5758851504685167,0.6411251811707821,0.4769275670809864,0.4803590084932813
0.4082979873500463,0.3892234648929713,0.664195529788655,0.6695127194455802,0.5119301145240528
0.6977859024731128,0.7055044187772745,0.81134840803045,0.4450874797504314,0.5912546821086445
0.4487157120527083,0.6533847744454293,0.6181564063791933,0.40620115845497107,0.46585358840786883
0.5433395089564916,0.4533868265265675,0.5481903109874118,0.4377756415092367,0.38410702021719056
0.5382132154791899,0.5060569827213734,0.3567505801585833,0.6818868062087056,0.6300564186560537
0.45425485325924075,0.5718845679997193,0.5172551283485287,0.5036179981924215,0.4505325803716256
0.44675755836311914,0.36639340555341193,0.4320332476479356,0.4496496122551165,0.33226926258923617
0.4557172366673363,0.7289321948204079,0.6649681046072562,0.5001750779217649,0.551332690239989
0.4163155555237754,0.3617557285996005,0.3579502561309349,0.6793092411376779,0.5266158965013402
0.4038558147113376,0.5694091915931612,0.7090004755349888,0.4579378664253634,0.43670184728581396
0.7841235703964484,0.533425031702677,0.6109420241093684,0.6557490927556402,0.6990589168846048
0.48130330938323507,0.4859341900000229,0.5317889560485005,0.4567320946898398,0.4325381919968361
0.6299866154599068,0.4070980509579536,0.25940405355622786,0.5630850423125844,0.48825801418222126
0.3084152929603077,0.7357648165489199,0.397934611397079,0.6162026435842097,0.5684899582386259
0.594355847873322,0.4351909886255574,0.6558975774166846,0.3452294991563744,0.348534649658115
0.3463732933135395,0.3418908999512926,0.5523900561691599,0.4883864064644493,0.33016684443908506
0.4844380308937932,0.500150861715003,0.5233966607115992,0.18547912330726263,0.1884247330245784
0.43508668544606177,0.8008419612933089,0.576708065040406,0.7170007518617039,0.7984518001652493
0.6014110597394824,0.4761679778949557,0.5528420156417262,0.632638731829369,0.597211053613815
0.19736001511469858,0.6937704940351708,0.32732962176547087,0.4647242300029001,0.4143307392426484
0.8091232086058415,0.6889035017433951,0.4538209281570156,0.24813872430394562,0.4877682703023738
0.6772551613992777,0.6022459350635074,0.34994174285029,0.6103926988652913,0.6561727988088587
0.3016880579979224,0.4278518368774613,0.5131332816838707,0.5323102059436624,0.3680766924863702
0.22926284767249516,0.40664344917355466,0.7838778083293283,0.42371149715219386,0.266930102946909
0.7663340050991518,0.4267114328980277,0.25380572637201926,0.6421058373380862,0.613242200902652
0.8226106890640157,0.8175662945069402,0.6629361779226732,0.7210203597874402,0.8956031119441045
0.41815059965339874,0.38121564488029214,0.7123449063156011,0.4265230589345488,0.3078040081430238
0.5738879278777862,0.3892571943093188,0.4698755881371097,0.6729642441695041,0.6002018978907496
0.5102022434757716,0.3073790269189822,0.2659542472664773,0.42417189238820496,0.3052824925123242
0.45814396495882015,0.4970119067360488,0.6342647278084748,0.4397742087408122,0.4166233009664839
0.3379916642326988,0.5944339365154419,0.6924369124469747,0.5381771397541931,0.47142477927022997
0.6885207272869804,0.5433564044528165,0.35227071684339606,0.5568524435231831,0.5735465522371662
0.5708898142968852,0.5847454858176471,0.7962869243279211,0.5372105198402163,0.5492020812936386
0.7262224743287575,0.7877966283778217,0.3052318300825201,0.39669192424151206,0.5930194208405614
0.3854137445173391,0.6372348933101641,0.43189499746223703,0.13065085140607344,0.1988671671741694
0.6165015991119809,0.7821559474293525,0.16057828337731017,0.36306337390513077,0.5352996284400006
0.48624307029719827,0.22729522242117928,0.7290869845519552,0.42673992537019473,0.2568282106954417
0.39198490869453817,0.4422800315215676,0.37917967831699784,0.6888752727972419,0.5350578181889777
0.4538057364224386,0.5811371294553198,0.5267315426941357,0.3062853131865919,0.32277932917005203
0.3336050877787571,0.33848540896060464,0.2995829988369616,0.6862727940926023,0.47217031567727297
0.6939572685072957,0.46590014334150887,0.6287247106196121,0.51236987912627,0.5162690167690634
0.6211670100006117,0.4122102531289693,0.6174629800620792,0.7492810010396217,0.6578924009852581
0.7268451387715977,0.39301498854626105,0.7669924535781858,0.5445822498441655,0.48293254790108264
0.7995108632524461,0.5449280580676026,0.389877906965566,0.6192221944680779,0.6832380986214693
0.7734312362694018,0.507389203721129,0.6244811199982427,0.5611818400827648,0.5864185028548831
0.5001354635180091,0.2641544888772589,0.3661038888668884,0.07810541967631682,0.0
0.4188164664295684,0.5530339347076001,0.5187318117898787,0.6213137392365887,0.5707804074438886
0.36559756003144717,0.6915416077854781,0.6060750101941377,0.3575486837399884,0.4033627785665739
0.4835443182926884,0.6806664027582463,0.44939753655488435,0.315348551182497,0.396398091507813
0.6680271914653533,0.3740570494934272,0.6628501986814088,0.4179919427470372,0.3529795898543755
0.4266610487484215,0.6945333138272778,0.27268153625959446,0.5067944367632127,0.5429218585686003
0.7024608773630234,0.5494308972352728,0.5490068344191839,0.47009793302245384,0.5028653204626917
0.5210581475402618,0.8161190798890516,0.6367061873311943,0.6054281732621182,0.7345067079729998
0.374184451809505,0.43618766080589677,0.5612837826705253,0.5311252634125484,0.40694951696271553
0.7059884764338644,0.6837168691379494,0.5192536980653406,0.3552674174608217,0.46479437847416905
0.5516341577778361,0.47056946576714975,0.33737245587951215,0.5056816049835452,0.48057307531748716
0.47838638689199886,0.6183254043243571,0.5674078542457712,0.4805673738982308,0.48198625245814286
0.31676361383150375,0.707035872649852,0.5176604201443027,0.18404460808232878,0.23517110565433585
0.26156452577877154,0.7189487369306187,0.5019175855182203,0.3002275062562592,0.323585998001102
0.3312038126140777,0.4901447927823006,0.7649814769677272,0.7145925791578475,0.5543982051820321
0.5131015545523638,0.46231109821562155,0.49176925240406266,0.3309664307102419,0.2780651976800176
0.47732778218882643,0.6240396546394202,0.3584393085569797,0.6054358328604419,0.6186533626565395
0.6838743895823187,0.43519581674048524,0.8483719931944442,0.32573677471458484,0.3831361710393847
0.4422612824083858,0.5008173734649077,0.49780201507712984,0.5091222975905245,0.4597245455199842
0.26501538098218447,0.6371998484538255,0.3368424855883454,0.7110315399033912,0.6585671681818005
0.5217917938053533,0.4068698941736322,0.6198132444087356,0.3221100374839982,0.2994999013623716
0.35978717153642137,0.42894382235782014,0.3956120393529998,0.7582464472603794,0.6028824441499626
0.7370680429512948,0.8631157587399614,0.5925383785406213,0.5723726455382852,0.7683020585739272
0.5187247178025514,0.4590113394034332,0.49810209893981483,0.4517158040556242,0.3766741503438843
0.6428905202556328,0.51511789358082,0.48115673505341583,0.5058172291633726,0.5151164253311685
0.47531459991780967,0.5692694801054106,0.5382968778971859,0.5580472857954349,0.5246427538028317
0.48372617458839606,0.24529370216653157,0.15296568633281105,0.4536144279558018,0.26960275198693995
0.5868558464072757,0.5316322683992518,0.3644598868132505,0.30715674681458865,0.3330739346698839
0.33172333769921014,0.7046754159974442,0.3752718336872469,0.49421573137368846,0.48485473727078254
0.4810924756605024,0.5768590856826206,0.45310779759151654,0.4630206289598766,0.4440067337911876
0.5454970327242563,0.8133086050456135,0.8712156258672312,0.39640429661944315,0.5269296699532592
0.7335846995514075,0.6682099814330598,0.4016197098222225,0.5295239733186528,0.6249102605976541
0.9078648664543847,0.43377753351038106,0.4469064899379731,0.5651093345657504,0.6250918007000003
0.5622381850438085,0.8402119382377171,0.8338854638285182,0.7077595934288622,0.7934681820430082
0.3880111121174634,0.34700002545481357,0.5678419008027475,0.36520942430344466,0.2333268504570285
0.8334583725153024,0.8941652895724153,0.568075241887863,0.5502526311959385,0.7536970734421232
0.4567868832600688,0.6848769520262048,0.450042742792526,0.4789469642164066,0.5057292087692323
0.46162506497284905,0.48824123087986826,0.48281105396948654,0.2874157134433644,0.2354854234848891
0.5697623589640273,0.6017527679513495,0.7100404161426228,0.36670722817002943,0.44777473962898706
0.5412109575855233,0.6623850913695535,0.42905887104109297,0.6499854820774356,0.7036662029237682
0.661440043405638,0.4775328198912625,0.5626712791801003,0.5993099513815762,0.6108002817100192
0.7602052512795332,0.49398668344560703,0.6675022830451871,0.5282555024516352,0.5843249486368479
0.6357001628219834,0.5485312444739996,0.4826586465049534,0.20345131539076386,0.28164269723789526
0.313002896967844,0.561248509516793,0.47754823368998256,0.47267476950885834,0.43726677087584076
0.7244330710789111,0.7394314046954886,0.5545907088860709,0.5014718154309834,0.6470720920256764
0.677145727727523,0.6720396639805784,0.7783593851485824,0.45181546510766324,0.5587625854204791
0.6066154737656033,0.6611386660630751,0.37958750877140535,0.7120880331835864,0.7298393812691014
0.7422163685692977,0.7278186785599796,0.4686585337261375,0.46617401741991304,0.6403118780187199
0.6083136243424674,0.551521398404343,0.43689713253687046,0.7792324351347634,0.7548731152685076
0.3460128345988336,0.4107052927335242,0.28829281168792154,0.5239860598105793,0.3728974781442509
0.4284232300474482,0.5972318408009054,0.6290510828397107,0.6605286754050799,0.6170007351001879
0.5538084745077247,0.20214604154467963,0.4863410536851367,0.5316221903213941,0.32748048772932137
0.40259964355414724,0.7278100803557315,0.489785516639599,0.718499703973534,0.7074603592238607
0.46547072116549515,0.7809664556775215,0.6289020109498749,0.39112118863879236,0.5378658289472987
0.4131190657873445,0.47392237447687635,0.5110587473339079,0.4459531274684778,0.3649274027082079
0.41460912571146835,0.7519225760726369,0.5970831565728192,0.42334673502166076,0.5017398871313571
0.6451559415500645,0.4703004360145766,0.7396772195227088,0.6448120450046665,0.596982363553089
0.3212207804754996,0.6808301058632755,0.6361806545183741,0.4119037893645522,0.4295838701113788
0.5365788594853269,0.4470316699889485,0.28924374698232214,0.23138095563721223,0.23110854335295028
0.2693896963883402,0.47995585363952564,0.7885347843691175,0.4996993572416255,0.406645765883325
0.5055534417597425,0.5417585309119386,0.4443897567204491,0.4177638835675325,0.42239009082869217
0.6319928646838697,0.8789305845597386,0.2968118258514174,0.5057186566236644,0.7258516840441013
0.6623250185234708,0.6657802654124725,0.8462870158269915,0.1822481806605754,0.3454892630833053
0.4208237486596422,0.19886402665797376,0.3002514327298833,0.39854703819921905,0.19641427152832824
0.7358446867966926,0.6495999729187256,0.7612754028859499,0.23150876440015494,0.4141852106286982
0.4375319489848879,0.6874504140745226,0.5499662469818096,0.46645157935322235,0.48451967806021556
0.6064516059162885,0.3061564679903692,0.5123580223415711,0.29234305343422173,0.23937013207545732
0.5814215505474998,0.39814832519281684,0.33367925129426546,0.7793066600964831,0.6437046203724107
0.6451000957946409,0.37388010115237735,0.14722294741344477,0.4407025331629214,0.3833312249668094
0.6414895306256607,0.39973968766291645,0.546100754158684,0.6703329923217308,0.591460707104459
0.2689118930017731,0.5195807800399694,0.3738074193497747,0.441262906076431,0.345977928946843
0.6175253794954765,0.4475726687787658,0.5167737176673954,0.5309969622787285,0.4908211032580697
0.5850907418079458,0.38219649215480334,0.7721604010815817,0.5781695186238026,0.4981630957448674
0.6190431834964603,0.40176282741935276,0.2811764998560573,0.7805147981386567,0.6503008667717795
0.1453116083038779,0.4615284695688633,0.3386315036926675,0.18213649559226291,0.05070407967046431
0.3590652814301558,0.5619677944097523,0.5043338670232735,0.5263235372795421,0.4270024182526446
0.5288130613366828,0.7068699656619717,0.6818017347315655,0.39508224087237603,0.45836384533716723
0.5210598239916813,0.7382408478198326,0.639126039168465,0.49590416895174894,0.5606815570600873
0.1942979126734059,0.5051104876176751,0.4943409109146417,0.12245755960199478,0.018504073682909183
0.6631498850241115,0.5678261543162657,0.4368802560483793,0.4138976403028355,0.4677558520721635
0.5706235792267114,0.7480266230033126,0.3982171404723429,0.7961299243234081,0.8511719105199199
0.3601578412985571,0.4962831247472117,0.384804333606489,0.31945508585451754,0.2571773200784041
0.43530018741069654,0.3743234744254482,0.5671243395405394,0.48625212112263283,0.3640106535487144
0.47102738664742816,0.6238863101706216,0.42736752723944615,0.7450690507449689,0.6842334427559812
0.6916434127311968,0.0,0.2542222662857343,0.23573719085864153,0.08945495764080691
0.5624255936880767,0.47567834436623846,0.4325419913140749,0.46499455414088564,0.4381353215758077
0.786509388760031,0.5225605690276547,0.43237636625342724,0.403973126383281,0.4902482060450629
0.1302747318459918,0.49779607149394245,0.39431686888803696,0.2726545675641516,0.1243166966850684
0.5829492163991432,0.6299061361580018,0.2805105145239377,0.5127092765544774,0.5338307451112073
0.5064215435391999,0.6835610704761248,0.6496285629528424,0.6649589322627415,0.6946230199176747
0.7520528628785375,0.5951894924989689,0.5943989873104112,0.5619374925139167,0.6434836733235499
0.6105498480208675,0.5631660350214398,0.5522149849213571,0.34002930623956695,0.4122069186501526
0.5019292644767201,0.3724231317638891,0.4425401289535289,0.39097679407580094,0.29115567246716323
0.6053110050371817,0.779232610533547,0.4902658962033888,0.48788373335530966,0.605525539244728
0.5882398988383537,0.7377374954734115,0.5385263045131836,0.5711914145820151,0.6678736991449524
0.44844635759436624,0.673860073856378,0.7194258013508099,0.13987860916279424,0.22007402828189582
0.6268279294706458,0.6739458168816312,0.5613318776318383,0.44485856237557,0.5615467920129072
0.5648662324148184,0.3360072844136368,0.36641305858567996,0.5736940825285737,0.43547699218031044
0.4888622420605193,0.36927927313964704,0.6127466168425508,0.5636086890935882,0.42584419027385856
0.5973820392212641,0.6195549837579943,0.5443055751221753,0.5916320578032647,0.5945361625033693
0.6436549010545747,0.6846150387114944,0.39381836066826637,0.26279109974730525,0.3744086781826861
0.5576855825847638,0.37643011309336494,0.7435020225241384,0.5973302591883606,0.4884750353358578
0.24150214720127927,0.7207913365039957,0.5702089322805994,0.6547892464799081,0.5907111269962796
0.5807405438915945,0.32026705185142634,0.6774322594208577,0.4108136065930647,0.3256339683111964
0.5002795913461933,0.7066234413296362,0.3296072440942037,0.23354028954148587,0.3702316758181273
0.15769606351679322,0.4295157350464165,0.5212321518650151,0.5724527478384918,0.36434038321231266
0.41502466263098725,0.6718183034360372,0.5245105469004558,0.5140725060664886,0.543127895274936
0.5466440713709595,0.4878328269857197,0.6601741983882521,0.2886355351568693,0.3292383667287978
0.5982974240115952,0.5105414313350651,0.3198970382139015,0.4414473299653095,0.47551542587959694
0.3699053599913409,0.33978431752378735,0.4403010122815081,0.25660008630645387,0.1452769416963442
0.3937250642396286,0.4690395299735022,0.8758272514238667,0.4628652196818952,0.3670473735712927
0.41925627828076184,0.524398263132986,0.7149851189692713,0.49046510566441837,0.4361427894864348
0.34742984047056513,0.5972336552661066,0.5770739047390849,0.406571744878679,0.3602887475593409
0.37620057402214346,0.23739972175656532,0.682414844504371,0.3529744422811733,0.19870875461847193
0.5244297820012784,0.6165864535673637,0.5611895981757815,0.3809098545397172,0.431305058663097
0.3456816471869528,0.87324373602918,0.4695217728973322,0.40503270012470616,0.4804027273972862
0.7460135556574272,0.5150392563350814,0.63251157771571,0.6134250187168825,0.6603503411354273
0.42534704659160916,0.43836858334171835,0.3059978000843211,0.5415069320091866,0.4508475958891348
0.4192858322958264,0.650754376550873,0.6638877998978927,0.65318856642937,0.6276034048829816
0.5348701052566982,0.478191959280462,0.6446547797532123,0.369365185432197,0.36563443953551145
0.6602175338678906,0.3176362735140412,0.6671020222959774,0.49110578445784037,0.403107460942812
0.48934786545895115,0.6040929736920582,0.3134977160030843,0.42938513814873397,0.45537566875590707
0.6413249040851632,0.4224772375215793,0.6435575901262309,0.7317105966190274,0.6612699642659691
0.3450844570827938,0.3593935259965273,0.1615377481588478,0.4297052093739405,0.26754511149325855
0.3747522382329693,0.5420490847099075,0.4044535447917088,0.4372679856799862,0.36656660310237443
0.5708754864687773,0.6322116742503723,0.5614112026221623,0.5347344142163865,0.5479244466775163
0.40219794766974815,0.4349134374573782,0.7032344189612934,0.6821830360015815,0.5438284850234408
0.8177667885983118,0.3354463402390231,0.4871420561817379,0.567973736442842,0.5413344102166094
0.60830627942868,0.518027613500484,0.32610351151726746,0.6423519231184712,0.5940430179378738
0.4320325137873162,0.6360391824675284,0.19945959746159314,0.48267897982915886,0.49543554082502683
0.5769554996959991,0.37191560942782464,0.33830532489060516,0.3543963515152997,0.28907719907782803
0.6266357782033802,0.7421832221527709,0.6320196706344126,0.6800774362214066,0.7544759346808539
0.6764770672721188,0.5056065227206485,0.5873992024460923,0.374573899623321,0.40278775700607594
0.4726589524801632,0.5153027486056425,0.295899354128105,0.2840575805806241,0.24711810858327987
0.3816775774356964,0.7012582114643338,0.613421085811626,0.5900854165335676,0.5997943345849964
0.5594388771759986,0.6311136680179374,0.3505207341934993,0.2810102840553022,0.36927649570510346
0.38520828254361295,0.27795265973822425,0.842394805445533,0.4756890668977143,0.2837047351532498
0.6732888429170147,0.12209643538456483,0.49268421423413145,0.3905921842001075,0.25087158648586805
0.7033334883084725,0.6154241911933818,0.2512450229611174,0.43097236525287885,0.5327965867778096
0.46468919302810896,0.4919735745233851,0.6581245265769988,0.48940462288616404,0.44310770193508486
0.37808876301075145,0.6248902560853624,0.671114070884542,0.7167230081924334,0.6634672455775544
0.5400034329011234,0.5021966076276649,0.4806244745039532,0.5023965800347725,0.48230906608407176
0.5233915320962783,0.29205756122267745,0.33245839498999086,0.3945975696389758,0.2967224636437211
0.7345572560699747,0.6378105509198246,0.3805836958497206,0.8171069672448978,0.8888011931760226
0.7302250306844451,0.14649472149484688,0.6553846852956422,0.7180630564882533,0.5410083823973503
0.6315326704768607,0.2500477962496457,0.6319130730949309,0.6777718424157954,0.5199396686655183
0.43465484752120087,0.4684876459299572,0.6889475097235556,0.40534249631069647,0.3747651361756682
0.347636795537519,0.41700753810405344,0.49958153376817727,0.36060349360054605,0.2524954133376761
0.27754175693927685,0.4011286750234342,0.5211456001647212,0.5036164350055696,0.3417883953579044
0.2898365133865761,0.2407490617847623,0.6779475790535203,0.596501038700611,0.3182329459974118
0.6130429409891951,0.6426167945551553,0.4915741255009163,0.33210717850035926,0.43683157846948883
0.433614608569159,0.5359227376732876,0.6191776707419638,0.4865729021299864,0.4463533186542993
0.8331809336556582,0.5178825438241639,0.30700604777658214,0.4569887308308626,0.5547264782472462
0.4922652203646196,0.5957307591314598,0.45178017577694973,0.4909071591627453,0.4510055479350281
0.6718837855439634,0.5705401075747962,0.719362578953791,0.1293556684428991,0.2523827452466718
0.5832336954671122,0.6457352427984477,0.268730119589196,0.44474835021048476,0.5327981471683249
0.6090486572191853,0.6726486108950847,0.6629252001723698,0.46236572061475434,0.5709371674347282
0.6137128966079421,0.21844346872089893,0.5634055638379145,0.44278663750177644,0.30251155171444744
0.7046451557443199,0.6982897325551827,0.24879394952374412,0.529199324736496,0.6432319614015135
0.6147103122093132,0.45512712967155555,0.373528097780496,0.4947270317667105,0.4281471061650236
0.5605730056714515,0.37233130754228316,0.1083802492657,0.40009066073111726,0.3110251308721209
0.5564342052446802,0.7590090834984433,0.8271775855693004,0.4173647842722605,0.578056423553117
0.6213466945438668,0.5335299036110184,0.09412346513931968,0.3711675895620304,0.39719247633240706
0.6141839580617647,0.36772556340223317,0.37046840810601456,0.3778959957263413,0.29649644178042756
0.7057536332818941,0.6279104978907095,0.511103629777991,0.6103465501471931,0.6379870361521741
0.9577090813396651,0.48686902683973154,0.4872991111016818,0.47293086322808164,0.5696910533905736
0.5977542026517897,0.5152741330348274,0.5588032906075862,0.4609252811106358,0.48443653351034444
0.5638984689266806,0.45427838273188814,0.5276663608783947,0.6603162542090294,0.5747513209626117
0.4218753576577736,0.5907318772057366,0.3679799554042482,0.44375073548636823,0.44445582386576343
0.43867219199844953,0.8126985272821325,0.7335188709237981,0.5265563558656899,0.5914099120763018
0.28961342283510927,0.6554540533726074,0.649343712698073,0.4735230288629425,0.44847663078125843
0.9399154454659744,0.35983274210167493,0.2711374690127375,0.8786237650241789,0.812259566644805
0.678073580850767,0.665738484651353,0.35006389965381857,0.48372633889738204,0.5719575887565628
0.6974120781032545,0.4623730878566128,0.8216428408898864,0.5731362623204016,0.5525319280090445
0.4306735462746918,0.5232937349964635,0.53937611525095,0.384770774429329,0.29782244466715035
0.550896545689314,0.6905347167433844,0.5607919642279962,0.7719327878901178,0.7986753046847991
0.5622463961176267,0.5209784808394173,0.42741026933444726,0.47827309432485654,0.49072678583724094
0.6154594595242591,0.7168300493231243,0.5568753831146838,0.400685560034019,0.5340471254253961
0.5377241491230809,0.6927775322397716,0.7226332410693255,0.673470854087808,0.7378492096912267
0.41560728432399063,0.6072541843446884,0.4554862887250888,0.4902457575589587,0.45514528985548264
0.5916430931092949,0.41212899956643523,0.515284313630441,0.5463240607946792,0.4953644669495052
0.5044277958729042,0.5388673624724933,0.27175048416952663,0.3200430588467716,0.3036592810229922
0.30175548126518414,0.5344106632862147,0.7538637328376758,0.387477827572168,0.29954717313058
0.5249429525512834,0.4113394887422688,0.5058732161498467,0.5278692701113264,0.4149183882272691
0.3868414299242193,0.5136384681532968,0.2093589212206739,0.6132582577965824,0.5021054313411916
0.5649891885172771,0.6865337066083854,0.7981532020473079,0.6470049049940788,0.690975138911445
0.523690318838157,0.6793045902957318,0.50419070320575,0.6539386396593622,0.6531537631553522
0.6554573447261616,0.4555737172251606,0.3323078085712954,0.41232808100807283,0.36825002476585567
0.46307796578294,0.2729428675113099,0.4621618143121138,0.6795959059627293,0.4647964324110144
0.43113439452924496,0.5930004503558475,0.6095642295132562,0.6108867747865036,0.5425083491816595
0.30038182076056774,0.33798001826296775,0.8007091922104825,0.17420106339714342,0.03782631141868009
0.5935726270431312,0.3790094125143604,0.611272255776254,0.5812749715975423,0.4998904661579332
0.4060850042768891,0.5603249713688669,0.4990880911500071,0.39692075491390505,0.35717385684471903
0.3241124336188834,0.5772905260906702,0.518855741100122,0.558045903795726,0.4304911042785947
0.633415730226794,0.3473136014697229,0.34450086768086585,0.5157729361953289,0.44585547203601417
0.5574258266471341,0.5479733704375653,0.529973604269796,0.8373338487198462,0.8001077085483094
0.3090111843481367,0.6698155777614139,0.4615457628402986,0.644916810714773,0.5654709420605918
0.6602069394543797,0.7240159389911429,0.4071089269531223,0.6343356830445565,0.7339838895168108
0.5442919048561876,0.2855945956784329,0.4546697936671418,0.5396108784252951,0.4017736426093862
0.7322123644023621,0.5106101916577095,0.6480681832021551,0.4173767443903439,0.4623010770304452
0.6883109412914452,0.46583488087138325,0.41748671143363936,0.6588144992308488,0.6244402699235917
0.2864735910379226,0.7196610502778558,0.5460214708569415,0.5640043965529239,0.5386602702440143
0.6194541609671296,0.6768658847389306,0.9453993721510674,0.5560851379683149,0.6389497301460442
0.3526910520533706,0.8357526878946413,0.5103022653241229,0.5213339062641688,0.5888352312498596
0.5690972368200518,0.5134365691600244,0.7402348577096722,0.466990124308051,0.482388188600927
0.6382094396823472,0.39719758856460263,0.7367066317908302,0.6501967985880996,0.5886155736474042
0.6981045856802135,0.6639398006789647,0.4428178384648911,0.29372532181845246,0.42920695230242767
0.24087923903689568,0.5859580897065824,0.2820835071213139,0.6040453315030072,0.4525448189125837
0.7182762494059451,0.5007778570774251,0.39313193026041926,0.2777003240584392,0.3487753940504562
0.6257061601947678,0.37432704495436386,0.40034832525249264,0.10019806474824733,0.09327936931084613
0.4128118507583549,0.8498074414975594,0.5105009492931494,0.5249181582361098,0.6181521730266343
0.8930721631242573,0.5142981575743588,0.3571953648562731,0.5608268832622291,0.6414668635296205
0.3685191347960668,0.44923793635618603,0.8745403309908522,0.49041333563891387,0.3715830732754616
0.3960252875036723,0.23254257056099958,0.5364341954616894,0.4907998296899615,0.26790260719582315
0.6638807598290972,0.5923369503372098,0.5567769579324278,0.5844637495522449,0.6078904786337588
0.5551774978561195,0.5224219027817336,0.47899005639953085,0.4928963385963442,0.4765069873659613
0.45470557694202984,0.3948143557373931,0.5032600296322931,0.5801106928333276,0.4989091034137719
0.688826014640104,0.024203227443647668,0.32717118950338797,0.2980021008291104,0.10191093712284016
0.528601139952154,0.6037411927290115,0.6126722489967369,0.5684054919685205,0.5990905374302532
0.2626931889093642,0.5475817180503317,0.25330261030254064,0.42120310286246043,0.3277992452260925
0.4056909528296986,0.48722106232729145,0.28238585990188536,0.6105653430030892,0.5040455896957675
0.6004142460787945,0.519492480764951,0.4223176171075904,0.551341996481579,0.5355705456864709
0.5104140317128838,0.611580601552933,0.6388850020978873,0.0,0.11352692683896615
0.40443941777312276,0.6001879593754436,0.6183276305839946,0.4523765163155322,0.4361101079392464
0.47564923065806664,0.6173348480818721,0.6189166255478273,0.3460018056647996,0.3692883280132717
0.5245703340090593,0.368446583557714,0.6129955389575832,0.5345321986158742,0.4290964618903417
0.6675546728500024,0.4496324987139648,0.48027548607213166,0.3205502211822512,0.353838506098203
0.6083755603807797,0.3947395400253404,0.47518796807632047,0.5648628234527111,0.5198503105178026
0.6272522209867297,0.37215576574854814,0.6252357232738568,0.5049670456267311,0.4353216084436019
0.47062320232853505,0.4654585124097015,0.39536389154169616,0.43886995111669236,0.3455071609776784
0.5885645182471064,0.33215618499750543,0.3040887487120516,0.4695886654402035,0.35694975418142905
0.48956149400984383,0.3879994598974188,0.14215329498180296,0.3464783929888848,0.2599400956400453
0.5429693758333318,0.6715842877698908,0.5122740165689974,0.4813200378701217,0.546530532559285
0.883796085919978,0.31188452434813474,0.48402138345068657,0.5904964694693469,0.5527097230421231
0.672543750476466,0.475896627314792,0.5764634162835858,0.27303545366508486,0.2971532396574149
0.681334260276353,0.7681646419865513,0.4801590835855398,0.5014488218876048,0.7117557183964133
0.49007851483389064,0.4326459426635807,0.22124066457027158,0.5658507232923407,0.4836425621844086
0.6010656958956986,0.4117431313634954,0.5413108396904942,0.3082390547195746,0.2766052634503461
0.3544785756131814,0.26926138419107204,0.49511553967777644,0.48418679933497966,0.2665131709889723
0.4541705701374852,0.8481289578430509,0.7375201350829199,0.7591092017024802,0.8500872947927104
0.8050094160153263,0.5903434045916152,0.6170200149438507,0.4299907447991246,0.5629620471187505
0.7081681461764155,0.3417662338628491,0.12081963534429896,0.7087710757045464,0.6309654720046759
0.5943774103873247,0.6279403977155049,0.40270256764179546,0.2190150805247748,0.35356373732297075
0.7065151287458891,0.6284568552157541,0.5866041448208241,0.5158320196772439,0.5843084017691768
0.24777054212916116,0.8252242318287204,0.4531200085282485,0.22776508120948802,0.3354361005297858
0.4518937974752202,0.4534178677123739,0.44086265301563987,0.4137775874537943,0.3302719699943416
0.7553222747831274,0.4377832594801434,0.40457863706286457,0.566881695347841,0.5588688880175051
0.6256115121921066,0.5674052101593035,0.8120367173475689,0.4313418283218433,0.4180278082894331
0.31441458811750156,0.6349372069662962,0.36980667944344425,0.3446551485423384,0.36921637069752167
0.630892877972431,0.7498933214236636,0.5184079133110293,0.31703630556347695,0.4635692922081849
0.6476696222532139,0.40470168300997034,0.39154734869982377,0.6060760181822453,0.5476116516144037
0.7271194881014766,0.41376729997824957,0.782872229756765,0.274300114749718,0.2992795287968446
0.23139732909837818,0.5815950683814219,0.3697374403419609,0.5741096229979429,0.45374046940552815
0.5353737416111901,0.49195519807736665,0.4861297002415377,0.4879382610595042,0.4539188600200331
0.7679179900136797,0.49158622795618157,0.6915845166707735,0.23312173348096032,0.28593327348459197
0.7122213751616204,0.45961935380942887,0.3046101665021368,0.588210901594921,0.5784684012359366
0.38070179566202356,0.6004853539678472,0.2663090184713637,0.46957780452561204,0.4730666768916033
0.2178289403720699,0.48697522363179857,0.35471766185549924,0.6247700719524167,0.46766044820917396
0.6166607919425449,0.5599048151774715,0.5392218460793474,0.39612522966179053,0.43741330836961523
0.5926377551828708,0.513020925511618,0.4860505379091311,0.3777148236131296,0.4048084798679593
0.5807198971440899,0.5611754597833056,0.4007968500071577,0.47756167576348363,0.5086626233998547
0.5932689226495631,0.5284556022239209,0.4301600035924835,0.6677399497616328,0.6284923995379431
0.5103896308139024,0.5145300218358169,0.3521068157044178,0.14403153957934622,0.19885589655007563
0.9229921833368344,0.5465079435779883,0.7016387804841706,0.5635457192861403,0.6702775234605337
0.4107499788125102,0.42264178639180483,0.528501524526928,0.21607310885938508,0.1389558119970945
0.7814408567637265,0.4684875151901602,0.6190811053801291,0.4348839515884925,0.49863783718147736
0.7282159659627032,0.4811877918798151,0.4759362550232007,0.47757296476644606,0.49883453648257603
0.6278736734372883,0.4069318564737281,0.6437999013701381,0.2914436047868307,0.2891806047098153
0.38268443563185706,0.6220544916888133,0.26682087630103446,0.7729776689333467,0.7289658683042674
0.5900605938333578,0.7316203387132305,0.6652277014170958,0.37562458945504473,0.4991495888809182
0.5607840263435593,0.7641831231030769,0.4110983551831433,0.5225886883901956,0.6233235277409325
0.7824908849971921,0.48159240893564625,0.537882219693695,0.4970284192849095,0.5352845766545721
0.47135426700224947,0.4519305392106132,0.7254123318619152,0.7047215708574093,0.5796419224342112
0.5736246602728938,0.5866994179540119,0.48039366985628273,0.3106342035861042,0.3926496223471503
0.6331775526975605,0.5908368989769841,0.30488704526211663,0.37056019014759795,0.47383131495417197
